age_group,share
Under 25,0.25588068356018573
25-64,0.5780640008301586
65+,0.1660553156096556
